{
  "truman/auth.py": 1775953298.2398536,
  "truman/sound_classifier.py": 1775889248.3421888,
  "truman/db.py": 1776454492.367106,
  "truman/hotkey.py": 1776383385.5684125,
  "truman/config.py": 1776383309.0016108,
  "truman/realtime_tools.py": 1776454568.613664,
  "truman/realtime.py": 1776456826.5914545,
  "truman/orb.py": 1776390801.8979287,
  "truman/proactive.py": 1776454528.9754713,
  "truman/tools.py": 1775885925.6056788,
  "truman/wakeword.py": 1775951576.8200817,
  "truman/ambient.py": 1775888826.235181,
  "truman/seed_memory.py": 1775885241.8935692,
  "truman/voice.py": 1775953582.6587522,
  "truman/agent.py": 1775953812.6019804,
  "truman/gestures.py": 1775936320.9694796,
  "truman/scheduler.py": 1776454588.1053267,
  "truman/main.py": 1776383397.1628015,
  "truman/lockdown.py": 1775951070.2111852,
  "truman/reflect.py": 1776456892.6800108,
  "BUILD_LOG.md": 1776387388.6325312,
  "README.md": 1776456016.9243748,
  "VOICE_PIPELINE.md": 1776455766.1318812,
  "graphify-out/GRAPH_REPORT.md": 1776461298.8749883
}